"ID","Tmean_winter","Tmean_spring","Tmin_winter","Tmin_spring","Tmax_winter","Tmax_spring","rain_winter","rain_spring","sun_winter","sun_spring","altitude_asl","arable","forest","settlement"
"FS-001",4.420666667,7.917419355,-1.261290323,4.7,10.86451613,21.31290323,348.7333333,184.6451613,339.75,568.3333333,41.7,79.73449721,14.12561157,5.442796898
"FS-002",3.666,7.743870968,-2.396774194,4.251612903,10.25483871,21.20645161,346.1333333,186.1290323,310.25,550.8,88.3,72.43343871,7.038534755,6.73145388
"FS-003",3.925333333,7.780645161,-1.870967742,4.364516129,10.43225806,21.04516129,326.5333333,173.1935484,338.6785714,569.2333333,47.9,64.51427881,18.38514859,8.894499343
"FS-004",4.608,8.08,-1.025806452,5.029032258,11.05806452,21.55483871,336.4666667,182.2903226,339.5714286,568.3666667,24.8,90.25443426,0,9.745566326
"FS-005",4.057333333,7.758064516,-1.677419355,4.467741935,10.47419355,21.02258065,405.7666667,201.8709677,333.3214286,555.8,97.7,86.14412773,5.410184841,7.288546757
"FS-006",3.798666667,7.688387097,-1.829032258,4.296774194,10.21290323,20.88709677,343.9,171.8387097,319.6785714,558.9,43.4,92.29793336,5.305284881,1.942889861
"FS-007",4.345333333,7.830967742,-1.325806452,4.548387097,10.78064516,21.21290323,345.5333333,186.0645161,343.3928571,573.8333333,41.3,62.04989468,26.69335246,10.05678608
"FS-008",3.884666667,7.707096774,-1.9,4.316129032,10.32580645,20.93225806,325.3333333,170.4516129,332.25,563.7666667,53,89.13735034,6.901214831,3.579058924
"FS-009",3.53,7.696129032,-2.470967742,4.225806452,9.935483871,21.16451613,284.3,170.483871,311.6428571,560.9,58.9,77.24415577,14.37069851,0.695974837
"FS-010",4.203333333,7.830967742,-1.448387097,4.570967742,10.55806452,21.02258065,367.5,184.8064516,327.8214286,561.5333333,41.1,94.56392023,1.367471303,3.618831942
"FS-011",4.167333333,7.823870968,-1.577419355,4.483870968,10.61290323,21.11935484,371,190.1612903,328.2857143,557.6333333,72.1,85.53534931,9.720523266,3.615331663
"FS-012",3.574666667,7.592258065,-2.341935484,3.906451613,9.987096774,21.05806452,302.7666667,165.2580645,315.1785714,553.6666667,49,81.59593442,9.556734492,8.159671482
"FS-013",4.200666667,7.843225806,-1.45483871,4.583870968,10.53225806,21.02580645,367.6666667,184.9354839,326.9285714,561.1666667,43.4,90.23308072,6.230394059,1.997789928
"FS-014",3.884666667,7.749032258,-1.893548387,4.370967742,10.33548387,21.02258065,353.7,178.6129032,326.6071429,562.1,56.7,88.36064894,2.364725994,6.298763783
"FS-015",3.801333333,7.827741935,-2.238709677,4.258064516,10.33870968,21.31612903,339.1333333,178.6451613,309.5,552.7666667,82.1,83.71746326,1.807122834,13.12618965
"FS-016",3.582666667,7.584516129,-2.303225806,3.883870968,9.983870968,21.10322581,276.6333333,162.516129,310.1071429,552.7333333,41.7,86.64388147,1.640610204,10.97102238
"FS-017",3.888666667,7.730967742,-1.85483871,4.377419355,10.32903226,20.97419355,353.1333333,179.9677419,330.0357143,563.5,56.2,74.03964209,17.67998525,7.417116083
"FS-018",4.005333333,7.768387097,-1.703225806,4.438709677,10.42903226,20.99354839,334.2,171.2580645,327.5,562.3666667,58.6,65.25070557,6.547769299,19.89899165
"FS-019",3.919333333,7.837419355,-1.941935484,4.406451613,10.43870968,21.28064516,327.2333333,175.1935484,314.8928571,557.6666667,58.6,54.43578889,27.90992997,1.333741314
"FS-020",4.564,8.103870968,-0.948387097,5.203225806,11.02580645,21.52580645,316.3,182.6451613,341.6785714,564.7666667,44,56.47055181,30.84672,9.775795743
"FS-021",4.576666667,8.089032258,-0.929032258,5.116129032,10.98709677,21.43548387,319.4,171.1935484,340.6428571,573.0666667,23.3,47.46280596,13.67582381,21.17851711
"FS-022",3.605333333,7.670322581,-2.290322581,4.006451613,10.00322581,21.02903226,316.8333333,167.2258065,314.75,557.1666667,49,88.32265683,3.675329639,6.227357392
"FS-023",3.549333333,7.532903226,-2.425806452,3.703225806,9.903225806,21.07741935,289.5,166.483871,312.5714286,549.7333333,41.8,79.18873463,10.69793771,8.36334196
"FS-024",3.934,7.79483871,-1.851612903,4.338709677,10.43548387,21.09032258,332.4333333,172.9677419,335.9642857,569.1,49.9,70.35983109,24.06677715,3.5176538
"FS-025",4.178,7.785806452,-1.516129032,4.474193548,10.53548387,20.99032258,364.5,188.3870968,333.6428571,561.5,56.6,66.43283964,24.60014642,7.798397865
"FS-026",3.676666667,7.7,-2.429032258,4.148387097,10.26451613,21.15483871,331.4,186.6451613,313.5357143,550.8666667,95,44.80796806,6.567041579,43.88805517
"FS-027",4.474,8.049032258,-1.212903226,4.94516129,10.99032258,21.49032258,355.2333333,184.0967742,333.6071429,561,46.0179,2.271303607,97.72870169,0
"FS-028",4.535333333,8.209032258,-1.135483871,5.287096774,11.03870968,21.70967742,414.8333333,226.6774194,332.5357143,547.4333333,89.1848,0,6.140458036,76.19011311
"FS-029",3.802666667,7.836774194,-2.096774194,4.383870968,10.3483871,21.20645161,346.2666667,179.7419355,313.2142857,557.4666667,63.9407,47.91350529,49.1118345,2.291720145
"FS-030",4.86,8.300645161,-0.677419355,5.509677419,11.27096774,21.86774194,342.6333333,185.9032258,335.0714286,559.9,25.8881,8.318315102,29.30453501,54.29752261
"FS-031",4.422666667,8.012258065,-1.361290323,4.751612903,10.92258065,21.42258065,379.1,198.6774194,326.6428571,547.5333333,59.4095,1.365520747,58.24448075,26.84287933
"FS-032",4.656666667,8.187096774,-1.05483871,5.070967742,11.14516129,21.7,370.9666667,195.483871,329.1428571,554.4,32.0111,3.980987571,1.016369733,91.98931538
"FS-033",4.002,7.816774194,-1.758064516,4.487096774,10.54516129,21.08387097,332.1,169.9032258,331.5714286,568.5,46.7347,21.45128309,72.16872235,4.80421084
"FS-034",4.371333333,7.952903226,-1.474193548,4.622580645,10.90967742,21.37096774,370.3,186.8064516,323.0714286,553.5666667,55.5586,0,68.54000649,1.186455942
"FS-035",4.522,8.070967742,-1.15483871,4.958064516,10.95806452,21.52903226,359.1666667,189.5806452,339.6428571,562.7,38.5881,50.95653802,44.72029401,3.803029601
"FS-036",3.867333333,7.667096774,-1.858064516,4.325806452,10.26774194,20.83870968,374.5,182.8064516,331.7142857,559,107.551,4.386754586,0.409043525,79.09029577
"FS-037",4.902666667,8.34,-0.680645161,5.493548387,11.34193548,21.93870968,332.4333333,179.2580645,336.3571429,562.7666667,22.1,76.30055272,0,9.74561275
"FS-038",4.276666667,7.963225806,-1.641935484,4.593548387,10.91612903,21.48387097,326.8333333,182.6774194,313.6428571,553.8,55.6,55.6955444,5.992644314,0.082906616
"FS-039",4.53,7.893548387,-1.329032258,4.706451613,11.34193548,21.42903226,280.6333333,188.4193548,380.7857143,547.9333333,92,75.90632531,10.42151051,7.241595154
"FS-040",4.784666667,8.23483871,-0.835483871,5.264516129,11.24516129,21.78387097,340.2333333,184.3225806,336.75,565.3666667,17.4,53.70817522,0,5.998646792
"FS-041",4.733333333,8.267741935,-0.964516129,5.309677419,11.25806452,21.87419355,324.4333333,193.6129032,342.5357143,556.6666667,45.4,73.00933955,11.85696378,12.10805922
"FS-042",3.642,7.805806452,-2.348387097,4.290322581,10.05483871,21.23548387,272.6,167.8064516,307.7857143,561.9333333,33.6,66.17827088,0,0
"FS-043",4.572666667,7.923870968,-1.277419355,4.774193548,11.31612903,21.47096774,286.8,189.2903226,377.9642857,548.5,89.2,40.78487442,22.12781749,19.0956856
"FS-044",4.411333333,8.061290323,-1.538709677,4.632258065,11.03225806,21.58387097,350.8666667,188.7419355,316.2857143,552.2666667,47.7,66.81269567,22.05404971,6.379049779
"FS-045",4.217333333,7.879354839,-1.719354839,4.570967742,10.87419355,21.2483871,360.0333333,194.6129032,309.0714286,544.0333333,111.9,61.53947493,11.5199054,13.04292194
"FS-046",4.667333333,8.139354839,-0.877419355,5.161290323,11.1,21.5516129,329.6,181.483871,337.9285714,573.4,21.4,88.64064482,6.730157766,4.328095881
"FS-047",4.655333333,8.189677419,-1.112903226,5.009677419,11.17419355,21.70645161,372.1,194.9032258,325.9642857,551.5333333,34.5171,21.54837203,56.19032254,11.39504816
"FS-048",4.379333333,7.925806452,-1.348387097,4.758064516,11.03548387,21.34516129,280.1,177.6774194,351.5714286,549.7666667,142.3288,23.89318519,12.13672476,43.07693027
"FS-049",5.134666667,8.503870968,-0.290322581,6.061290323,11.39677419,22.06129032,329.0333333,185.8709677,335.3928571,556.7666667,27.9626,8.800263646,0,25.94011645
"FS-050",4.648,8.198064516,-0.880645161,5.35483871,11.11612903,21.68064516,347.4,192.6774194,338.8928571,562.6666667,31.3671,37.93608065,21.84483612,19.75049215
"FS-051",4.032,7.878064516,-1.803225806,4.470967742,10.53870968,21.24516129,327.2,173.516129,324.4642857,564.3333333,50.3295,39.38986115,44.29639829,4.458725778
"FS-052",2.042666667,6.773548387,-3.490322581,3.087096774,8.474193548,19.42580645,676.9333333,259.7741935,324.5357143,522.9666667,402.4,60.77546095,35.39330102,3.361843127
"FS-053",1.872666667,6.677419355,-3.619354839,2.835483871,8.267741935,19.20967742,530.2666667,233.1290323,284.2142857,533.6333333,414.9,71.41963024,9.388100634,18.86306948
"FS-054",2.15,6.606451613,-3.34516129,3.161290323,8.351612903,18.81935484,657.9666667,274.3870968,338.3571429,526.5,414.4,52.99832561,40.91496603,6.086709974
"FS-055",4.304,7.903870968,-1.283870968,5.05483871,10.63548387,21.12580645,419.5333333,225,347.6785714,552.3666667,131,94.14236215,4.475831678,1.381806224
"FS-056",2.220666667,6.912258065,-3.806451613,3.2,8.529032258,19.68064516,425.3666667,206.9354839,290.4642857,533.1666667,273.1,91.13115978,7.756733362,0.8165009
"FS-057",0.667333333,5.820645161,-4.670967742,2.080645161,6.735483871,17.42580645,576.5,250.3225806,295.4642857,522.6333333,644.8,74.88240476,13.73434034,8.927603525
"FS-058",4.352666667,7.913548387,-1.112903226,5.316129032,10.59677419,20.9483871,425.1666667,223.3870968,343.1071429,551.7666667,149.5,74.08090938,12.29104652,13.44678582
"FS-059",3.536666667,7.61483871,-2.3,4.458064516,9.851612903,20.66129032,360.2333333,194.0967742,323.2142857,558.0333333,116.7,75.27964022,12.85443188,8.616708545
"FS-060",2.896,7.063225806,-2.712903226,3.703225806,9.206451613,19.80967742,611.6333333,268.516129,339.8214286,534,330.9,78.43987577,11.60626633,9.682231257
"FS-061",2.849333333,7.289032258,-2.658064516,3.912903226,9.248387097,20.24193548,590.6333333,247.4193548,312.8571429,529.8,290.8,49.98182558,30.87176041,17.50397905
"FS-062",3.592,7.576129032,-2.05483871,4.374193548,10.02580645,20.87096774,596.1333333,259.9354839,332,541.9,231,69.54943416,21.19212041,8.93687305
"FS-063",3.528666667,7.66516129,-2.364516129,4.4,9.935483871,20.83225806,369.4,190.9354839,314.3928571,557.4333333,105.1,51.99606283,0,46.96026227
"FS-064",2.018666667,6.642580645,-3.861290323,2.558064516,8.561290323,19.40967742,561.5333333,248.1935484,328.3928571,533.0666667,422.1,70.01511292,15.49487204,12.59391336
"FS-065",1.968,6.598064516,-3.564516129,3.025806452,8.206451613,19.00967742,705.9,273.1290323,336.2142857,525.9333333,483.4,61.02919482,29.65403819,7.697803203
"FS-066",3.168,7.43483871,-2.787096774,3.983870968,9.509677419,20.56129032,376.8,195.2580645,307.5,552.3,191.3,66.64147376,25.78109411,5.153628716
"FS-067",4.104666667,7.529677419,-1.25483871,4.906451613,10.4483871,20.32903226,386.9333333,228.3870968,390.0714286,551.1333333,251.1,87.78776572,0.342116664,3.011046824
"FS-068",2.204666667,6.856774194,-3.241935484,3.44516129,8.512903226,19.5,661.1333333,261.2258065,322,516.9666667,410.2,83.33574323,5.778188526,7.034914522
"FS-069",3.388666667,7.582580645,-2.303225806,4.1,10.00645161,20.87741935,585.3333333,248.3548387,306.0357143,537.3666667,236.6893,16.5473784,18.9132544,61.4546912
"FS-070",4.016666667,7.880645161,-1.767741935,4.506451613,10.69354839,21.38064516,414.5666667,234.3548387,345.1428571,549.0333333,139.5871,0.162510396,99.39895399,0
"FS-071",1.077333333,6.287096774,-4.551612903,2.267741935,7.435483871,18.6483871,506.8333333,217.6129032,308.7142857,549.9,390.6379,36.51542466,59.77321191,1.281639816
"FS-072",3.146,7.229032258,-2.425806452,3.958064516,9.464516129,20.17096774,612.5666667,273,339.6428571,536.0333333,296.2208,42.90893468,45.16667955,5.400317683
"FS-073",2.876,7.063225806,-2.696774194,3.7,9.209677419,19.80967742,624.5,268.3548387,339.1428571,533.7,351.25,49.54303071,45.93292661,4.393460756
"FS-074",1.669333333,6.799354839,-4.087096774,2.790322581,8.34516129,19.72903226,528.9,220.1612903,305.1785714,559.3666667,420.0205,14.13832637,78.6488026,4.595528119
"FS-075",3.243333333,7.52516129,-2.464516129,4.219354839,9.922580645,20.83225806,365.1666667,229.3548387,334.7857143,534.5666667,259.8952,5.141281401,94.23545605,0
"FS-076",1.773333333,6.801290323,-3.94516129,2.770967742,8.416129032,19.79032258,572.7666667,240.2580645,313.9642857,550.1333333,377.5629,32.51564292,54.92516301,10.63160408
"FS-077",2.630666667,7.010322581,-2.877419355,3.716129032,8.977419355,19.64193548,641.2333333,260.7419355,327.5357143,529.8,366.7024,26.8561205,71.60769884,0.341366417
"FS-078",2.852666667,7.241290323,-3.209677419,3.138709677,9.574193548,20.59677419,509.8,222.8387097,307.7142857,537.0666667,258.0521,28.27142287,42.84925134,10.20215606
"FS-079",1.846666667,6.732258065,-3.780645161,2.864516129,8.312903226,19.48709677,668.6333333,260.7096774,328.5,530.7666667,406.2968,47.23380815,49.06721981,1.247146558
"FS-080",0.758666667,6.029677419,-4.84516129,1.941935484,7.067741935,18.19354839,685.1666667,268.3870968,330.5,542.9,565.9838,4.372243873,94.11657352,0
"FS-081",3.050666667,7.408387097,-2.506451613,4.080645161,9.529032258,20.48064516,628.4333333,254.2258065,306.3928571,524.6666667,290.5384,15.87625691,50.1080942,30.3621025
"FS-082",2.122666667,6.805806452,-3.322580645,3.351612903,8.393548387,19.38064516,683.5333333,266.6451613,325.2857143,516.2666667,432.6405,47.17488126,43.50379493,5.317419459
"FS-083",2.161333333,6.942580645,-3.403225806,3.251612903,8.670967742,19.88064516,648.9666667,254.2258065,321.25,527.5,417.8745,23.35777874,21.49397497,50.98565711
"FS-084",2.122666667,6.789032258,-3.851612903,2.461290323,8.767741935,19.94516129,561.3333333,235.2258065,315.1428571,532.5,331.0712,39.23180646,56.05767673,3.270837602
"FS-085",2.245333333,6.845806452,-3.383870968,3.24516129,8.687096774,19.5516129,482.8333333,230.9677419,277.75,534.6666667,474.1995,31.95527485,65.1386137,2.205148064
"FS-086",2.022,7.007741935,-3.622580645,3.016129032,8.790322581,20.20645161,633.4666667,257.6129032,317.8214286,543.7,324.8076,14.54222673,64.48262905,9.789272935
"FS-087",3.278666667,7.528387097,-2.606451613,4.048387097,9.670967742,20.71290323,390.4333333,196.5483871,304.3214286,550.9666667,145.4919,40.23171711,31.71087574,27.60449815
"FS-088",1.647333333,6.383870968,-4.009677419,2.751612903,7.974193548,18.73225806,517.0666667,238.1612903,286.3214286,529.9,476.2236,25.77115141,64.04597172,3.073575526
"FS-089",3.196,7.410322581,-2.725806452,4.035483871,9.441935484,20.44193548,393.0666667,198.8387097,315.7142857,552.3,142.1826,30.48479914,24.45847128,40.84226868
"FS-090",2.282666667,6.933548387,-3.283870968,3.290322581,8.770967742,19.79354839,659.6333333,253.4193548,318.5357143,522.6333333,348.6395,2.133656727,24.57223703,71.85323612
"FS-091",2.199333333,6.768387097,-4.112903226,2.406451613,8.951612903,19.8,494.3666667,227.7096774,299.6071429,538.4666667,375.9916,42.60329478,53.74783555,1.928658448
"FS-092",3.115333333,7.295483871,-2.719354839,3.564516129,9.696774194,20.41290323,637.2333333,269.6774194,327.3571429,542.7,336.3033,14.98769676,83.70905502,0
"FS-093",2.462666667,6.861935484,-2.932258065,3.64516129,8.677419355,19.22258065,606.3,253.2580645,330.1785714,527,374.599,15.22090407,27.01557724,51.19547739
"FS-094",3.112666667,7.14,-2.629032258,3.703225806,9.483870968,19.82258065,535.6333333,240.2258065,331.5,532.9333333,267.9436,2.318723376,95.6920215,1.226121548
"FS-095",1.085333333,6.171612903,-4.106451613,2.606451613,7.203225806,17.86774194,548.1666667,236.3548387,289.1428571,525.9333333,513.5871,13.15577111,79.93712595,0
"FS-096",1.196666667,6.36516129,-4.477419355,2.403225806,7.535483871,18.77419355,531.3666667,222.6774194,306.5,549.3,460.7129,7.899499362,91.91086252,0
"FS-097",1.358666667,6.470967742,-4.329032258,2.522580645,7.741935484,18.95806452,493.3666667,214.7741935,301.8928571,549.1666667,505.525,32.30677718,65.82202626,1.572446133
"FS-098",1.555333333,6.363870968,-4.45483871,1.896774194,8.151612903,19.20967742,606.3,256,326.4642857,530.7,387.7532,7.760648987,92.0147128,0
"FS-099",0.377333333,5.627741935,-4.948387097,1.858064516,6.364516129,16.98387097,575.0333333,249.0645161,303.5357143,520.8,607.8529,1.055161711,98.94483675,0
"FS-100",1.458,6.383225806,-3.822580645,2.806451613,7.612903226,18.4,536.7,242.7741935,281.1428571,526.3666667,564.3948,40.58814915,42.20834347,13.80480673
"FS-101",3.551333333,7.598709677,-2.083870968,4.238709677,10.10322581,20.87096774,597.5333333,255.4193548,326.7142857,541.1333333,230.3587,46.25315903,50.1996093,2.281773873
"FS-102",3.874666667,7.681935484,-1.870967742,4.212903226,10.3,20.86451613,402.1333333,186.7741935,330.3214286,560,117.5,94.169979,0.105528294,4.655915828
"FS-103",2.103333333,6.771612903,-3.764516129,2.967741935,8.503225806,19.42903226,389.3,207.9677419,309.9642857,537.5333333,355.6,92.77015588,3.473503166,1.783761217
"FS-104",2.431333333,6.905806452,-3.487096774,3.2,8.703225806,19.5516129,455.4,220.4193548,318.5357143,533.0333333,281.7,92.76106913,2.527855313,2.030952317
"FS-105",3.612666667,7.519354839,-2.093548387,4.103225806,9.974193548,20.58709677,406.2,197.6129032,335.7857143,558.5666667,132.6,82.23442859,14.5696546,3.195914135
"FS-106",2.458666667,7.204516129,-3.712903226,3.322580645,9.009677419,20.32258065,359.6333333,190,280.7857143,542.4,250.2,74.9464284,2.84743293,20.06264036
"FS-107",3.988,7.756129032,-1.958064516,4.380645161,10.64516129,21.06451613,378.6,201.3870968,313.25,543.9333333,145.6,84.3359336,0.047844253,11.12286774
"FS-108",2.482666667,7.074193548,-3.632258065,3.212903226,8.896774194,19.96129032,507.9,217.4516129,288.6785714,538.4333333,233,83.99806089,4.986737545,9.913469419
"FS-109",2.283333333,7.015483871,-3.761290323,3.029032258,8.941935484,20.14193548,309.7666667,178.1290323,290,539.5,347.2,72.55192782,22.97032318,0
"FS-110",3.946666667,7.923870968,-1.84516129,4.661290323,10.70322581,21.5,319.4,214.3225806,336.0357143,544.5,154,93.43288627,2.139517062,2.860320481
"FS-111",2.112666667,6.699354839,-3.809677419,2.977419355,8.312903226,19.2,460.9333333,223.2903226,321.8928571,533.9333333,332.1,90.66056356,7.53931113,1.226781552
"FS-112",3.752,7.524516129,-2.622580645,3.851612903,10.47419355,20.96774194,329.4666667,199.5806452,352.9642857,558.7,145.4,91.69524154,6.426086448,0
"FS-113",2.335333333,6.885806452,-3.125806452,3.377419355,8.822580645,19.68064516,341.1,185.9032258,325.0714286,542.3666667,425.4,73.35012237,26.31357688,0
"FS-114",2.100666667,6.354193548,-3.54516129,2.780645161,8.403225806,18.67419355,402,202.0967742,344.3214286,537.6,510.7,84.52276017,13.92296222,1.262431697
"FS-115",1.796666667,6.417419355,-3.687096774,2.909677419,8.103225806,18.7,396.9,209.2580645,345.8928571,535.8333333,520.3,89.04715109,9.224598644,0.138003025
"FS-116",2.276666667,6.733548387,-3.574193548,3.116129032,8.35483871,19.12258065,556.3666667,245.6129032,334.25,542.5,249.4937,3.429603303,94.08732623,1.72427829
"FS-117",1.688666667,6.387741935,-3.967741935,2.819354839,7.970967742,18.70967742,513.7333333,237.7096774,290.2857143,530.8666667,446.8189,16.63708138,70.58784386,2.013928215
"FS-118",3.449333333,7.429032258,-2.783870968,3.780645161,10.09354839,20.77419355,335.8333333,202.6774194,345.3928571,554.5333333,180.0536,44.97777113,54.67691987,0
"FS-119",3.387333333,7.394193548,-2.329032258,4.029032258,10.00322581,20.52258065,302.6666667,198.9354839,350.9285714,540.5,267.5666,24.37646634,73.95967913,1.663855808
"FS-120",3.510666667,7.648387097,-2.519354839,4.167741935,10.11290323,21.02580645,347.3,198.6774194,304.6071429,541.5,109.8902,4.353773038,0,93.14252719
"FS-121",3.389333333,7.369032258,-2.887096774,3.693548387,9.990322581,20.68387097,333,204.9032258,342.4285714,553.0666667,199.1739,10.19759143,79.70892195,3.811314126
"FS-122",4.098666667,7.787741935,-1.777419355,4.396774194,10.6483871,21.13225806,382.2,190.6451613,324.8928571,553.8,83.3,50.19182987,16.54344615,16.72896582
"FS-123",3.927333333,7.824516129,-2.103225806,4.316129032,10.58709677,21.31290323,314.4,188,322.4285714,557.4666667,75.1,90.29295782,2.560755661,7.008248142
"FS-124",4.139333333,7.826451613,-1.64516129,4.438709677,10.63548387,21.14516129,375.8666667,185.2903226,325.5,557.3,79.7,94.42359928,0.112428753,4.775683566
"FS-125",4.200666667,7.867741935,-1.661290323,4.429032258,10.73225806,21.23870968,361.7666667,179.4193548,323,559.6333333,61.2,62.28954387,30.21783861,6.923388568
"FS-126",3.830666667,7.66516129,-1.890322581,4.232258065,10.25806452,20.79677419,356.4,173.5483871,338.6071429,567.9,79.1,83.42028798,14.43219634,2.13360328
"FS-127",4.161333333,7.874193548,-1.674193548,4.458064516,10.70322581,21.21612903,356.4,178.2903226,326.1071429,563.8333333,58.7,82.79217898,12.71840006,4.413299165
"FS-128",3.652666667,7.714193548,-2.329032258,4.141935484,10.20645161,21.08064516,343.6666667,185.483871,318.7857143,555.9666667,97.5,87.25657368,7.315542591,4.802019969
"FS-129",4.389333333,8.010967742,-1.55483871,4.677419355,11.01612903,21.51290323,339.8333333,191.1612903,314.6428571,551.4333333,56.7,76.59908468,2.56789635,16.0901684
"FS-130",3.93,7.767741935,-1.8,4.422580645,10.39032258,20.98387097,341.2333333,170.7419355,332.5357143,564.5333333,68.3,90.72787129,3.45748734,2.827555231
"FS-131",4.042,7.856129032,-1.793548387,4.474193548,10.58387097,21.26129032,328.7666667,175.6774194,320.1071429,560.2333333,59.1,63.6788908,35.26625645,1.054852418
"FS-132",4.111333333,7.876774194,-1.780645161,4.464516129,10.71935484,21.32580645,337.2666667,184.1612903,315.7142857,556.1333333,71.3,95.58843916,1.152127891,3.153571854
"FS-133",4.008,7.908387097,-1.893548387,4.632258065,10.80645161,21.60967742,266.1333333,188.8064516,336.9642857,541.9,172.3064,0.051852193,99.25930538,0
"FS-134",4.235333333,7.978064516,-1.609677419,4.716129032,10.99354839,21.62258065,269.2,188.0645161,346.5714286,548.9,139.9929,0.130903386,93.2003233,0
"FS-135",3.890666667,7.833548387,-2.04516129,4.483870968,10.72580645,21.51935484,254.2333333,182.3548387,335.3571429,539.6333333,170.6063,0,98.34600568,0
"FS-136",4.508666667,8.047096774,-1.422580645,4.732258065,11.12258065,21.52580645,350.3333333,186.8064516,318.9285714,547.1666667,60.0364,2.823777187,5.463330849,72.49113295
"FS-137",4.827333333,8.289032258,-0.725806452,5.583870968,11.20967742,21.61290323,350.2,195.1290323,327.25,545.4,49.7436,0,8.390451404,62.71943521
"FS-138",3.664,7.747741935,-2.238709677,4.351612903,10.04516129,21.09032258,338,178.5806452,321.5714286,565.5666667,80,72.53017575,14.63410605,11.50967224
"FS-139",4.356,8.066451613,-1.6,4.816129032,11.01290323,21.57741935,328.2333333,185.0645161,310.8214286,549.4333333,68.3,71.10882718,1.374257917,17.83368898
"FS-140",3.528,7.578709677,-2.361290323,4.025806452,9.94516129,20.98709677,322.7666667,169.8387097,315.6428571,557.3333333,65.4,68.49595226,8.311201584,19.92535414
"FS-141",4.701333333,8.190322581,-0.825806452,5.225806452,11.18064516,21.7,326.3,193.3225806,338.8214286,557.4666667,37.7,82.45636061,0.304323734,13.44752721
"FS-142",4.648666667,8.102580645,-1.006451613,5.04516129,11.17741935,21.6516129,320.3333333,191.0645161,344.2857143,555.5,61.5,89.90254679,0,7.90199958
"FS-143",4.682666667,8.036774194,-1.112903226,4.841935484,11.35483871,21.67096774,293.7,181.2903226,359.9642857,552.1666667,56.8,22.53310716,20.72075259,52.32433014
"FS-144",3.539333333,7.66,-2.287096774,4.277419355,9.935483871,20.96774194,334.5666667,177.3225806,323.1785714,563.2333333,88.5,79.40518046,7.321526589,11.53292337
"FS-145",2.547333333,7.329032258,-3.635483871,3.483870968,9.138709677,20.49677419,314.4666667,186.2258065,276.8928571,543.5666667,207.1,92.08410582,2.673924454,2.104559534
"FS-146",4.28,7.936774194,-1.693548387,4.583870968,11.16129032,21.69677419,257.9666667,180.6774194,354.8928571,549.2333333,148.4,94.16553605,0,0
"FS-147",3.567333333,7.672258065,-2.35483871,4.164516129,9.95483871,21.00322581,321.5666667,175.7741935,316.25,560.1,81.5,60.78408585,0.406900466,38.05256385
"FS-148",4.418,7.876129032,-1.351612903,4.651612903,10.98064516,21.35483871,335.8333333,202.0645161,360.8214286,553,95,70.52721433,1.094500163,11.06383635
"FS-149",4.736,8.178064516,-0.812903226,5.293548387,11.12580645,21.66129032,338.5,184.2580645,339.0357143,567.1333333,21.3,86.59041755,1.094882685,11.06292662
"FS-150",3.876666667,7.798064516,-2.122580645,4.235483871,10.58387097,21.3516129,320.8333333,191.2903226,314.4285714,553.4,85.8,75.20996441,0.068016319,19.26718685
"FS-151",4.016,7.797419355,-1.887096774,4.487096774,10.81935484,21.26774194,248.4333333,182.6129032,346.6785714,543.6666667,207.6,93.15169973,0.099273137,6.051895879
"FS-152",4.480666667,7.959354839,-1.212903226,4.703225806,11.0516129,21.42580645,318.3,190.4193548,354,553.7333333,68.5,70.82897157,7.061986876,20.55380691
"FS-153",4.688,8.023870968,-1.087096774,4.835483871,11.25806452,21.62258065,306.1333333,184.6129032,350.8928571,555.2666667,55.3,74.44273214,12.75050744,10.35484905
"FS-154",5.010666667,8.501935484,-0.541935484,5.916129032,11.41935484,21.99677419,321.4666667,194.4193548,331.7857143,548.9,45.2,83.30958603,0,14.84291679
"FS-155",2.979333333,7.172903226,-3.103225806,3.461290323,9.538709677,20.21935484,371.1666667,210.516129,341.4285714,551.1,239.8,99.02968594,0.391436771,0.578863542
"FS-156",4.008666667,7.891612903,-1.935483871,4.558064516,10.87419355,21.63870968,240.2666667,182.9677419,335.4285714,539.8666667,156.9,83.46211732,0,16.51222408
"FS-157",4.473333333,7.893548387,-1.264516129,4.825806452,11.02903226,21.31612903,329.9666667,202.1612903,372.9642857,552.6333333,123.3,97.39031983,0,2.386561738
"FS-158",4.184666667,7.873548387,-1.661290323,4.629032258,10.9516129,21.52258065,223.7,170.7419355,347.75,547.0333333,163,59.72625931,0,33.2558469
"FS-159",4.611333333,8.159354839,-1.109677419,5.1,11.20645161,21.70322581,323.8666667,192.6451613,344.8928571,553.3,65.7,81.98146003,0,14.34195782
"FS-160",3.861333333,7.776129032,-2.203225806,4.293548387,10.64516129,21.33548387,316.7333333,195.5806452,323.2857143,556.4,86.6,80.12847202,0.467122648,18.42542788
"FS-161",3.632666667,7.722580645,-2.229032258,4.416129032,10.08387097,21.06774194,335.1333333,181.3225806,316.5357143,562.7333333,81.7,76.51735106,1.415605195,20.81608144
"FS-162",4.060666667,7.769032258,-2.025806452,4.519354839,10.55483871,20.97741935,388.9333333,206.9677419,317,543.5,121.6489,1.499776951,1.179855048,82.36159471
"FS-163",4.891333333,8.453548387,-0.838709677,5.606451613,11.43548387,22.0483871,309.9333333,194.5483871,336.4642857,551.2,50.7197,0,0,76.33251023
"FS-164",5.009333333,8.465806452,-0.448387097,5.906451613,11.3,21.99677419,329.0666667,186.2258065,336.7857143,556.1333333,32.6529,0,0,55.05514079
"FS-165",5.132,8.591612903,-0.390322581,6.112903226,11.43225806,22.01290323,327.9,197.6774194,329.9642857,548.2666667,47.7033,1.603416421,7.724628279,85.5368592
"FS-166",4.848666667,8.337419355,-0.674193548,5.561290323,11.29354839,21.91290323,339.1666667,185.2903226,337.7142857,559.6666667,40.5268,54.23695443,35.90579143,5.231114879
"FS-167",4.961333333,8.417419355,-0.503225806,5.848387097,11.2483871,21.88064516,336.8666667,188.0322581,336.6428571,556.2333333,33.0803,0,33.15123593,13.74050906
"FS-168",5.156666667,8.622580645,-0.322580645,6.203225806,11.42580645,22,328.9,200.0967742,329.5357143,548.0666667,48.3408,0,0.405628695,37.65775742
"FS-169",4.867333333,8.39483871,-0.741935484,5.638709677,11.41290323,22.01290323,322.6,194.8387097,332.9285714,550.4666667,42.4893,23.33827181,64.09691646,0
"FS-170",4.26,7.927096774,-1.703225806,4.690322581,11.13870968,21.57096774,231.1666667,178.3548387,347.6071429,544.3333333,178.4079,26.4152038,6.771689935,64.44314267
"FS-171",4.337333333,8.021290323,-1.616129032,4.677419355,10.96129032,21.50967742,355.1333333,195.0967742,315.5,550.2666667,48.9726,87.08395618,4.304103228,8.507169767
"FS-172",4.617333333,8.172258065,-1.116129032,5.090322581,11.14193548,21.64193548,368.9,197.9354839,330.8928571,548.5666667,61.3897,44.29981029,47.75405315,7.781420213
"FS-173",4.379333333,7.983225806,-1.432258065,4.706451613,10.94193548,21.34193548,398.2666667,205.8387097,330.1428571,540.8,70.23,41.34804638,2.174092403,47.51402859
"FS-174",4.460666667,8.064516129,-1.477419355,4.825806452,11.06774194,21.56129032,335.2333333,189.2258065,312.5357143,549.3,59.0176,64.31517687,4.154638401,12.72757458
"FS-175",4.68,8.215483871,-0.993548387,5.325806452,11.21612903,21.66451613,360.3666667,196.5806452,328.4285714,548.1,44.7336,13.85182178,37.70774762,18.29543764
"FS-176",4.692666667,8.165806452,-1.151612903,5.019354839,11.28064516,21.62903226,358.9666667,195.9677419,324.1428571,535.0666667,44.4071,0.25575011,0,74.05358746
"FS-177",4.487333333,8.043870968,-1.44516129,4.816129032,11.11290323,21.48064516,343.1,189.2580645,314.6428571,542.0333333,73.4521,0,0,62.95222648
"FS-178",4.629333333,8.189032258,-0.84516129,5.422580645,11.09677419,21.59032258,365.5666667,202.6774194,333.7142857,548.7333333,51.3414,0,0.173732049,72.00963019
"FS-179",4.784666667,8.22516129,-0.906451613,5.322580645,11.31612903,21.64193548,356.0333333,197.3225806,325.0357143,540.4,42.7679,19.59828001,0,24.14084602
"FS-180",4.376666667,7.985806452,-1.451612903,4.780645161,10.88064516,21.3516129,376.3333333,199.7096774,323.5357143,535.2,115.5176,82.60746615,12.309315,0
"FS-181",4.225333333,7.885806452,-1.619354839,4.680645161,10.78709677,21.19354839,368.4333333,196.8064516,323.5714286,537.4333333,132.6366,67.50250211,8.133271946,17.97956042
"FS-182",4.202666667,7.881290323,-1.719354839,4.6,10.78387097,21.17419355,358.9,198.0322581,317.25,540.3333333,98.8214,70.80519146,5.14640221,10.37586089
"FS-183",4.982,8.463225806,-0.509677419,5.838709677,11.38064516,22.05483871,336.1,189.483871,338.6428571,555.9,27.4695,55.41123155,0,21.03152738
"FS-184",4.820666667,8.251612903,-0.848387097,5.338709677,11.28709677,21.91935484,343.7333333,200.0645161,335.5714286,555.1666667,41.7458,0,0,86.91557868
"FS-185",4.871333333,8.327741935,-0.735483871,5.532258065,11.31612903,21.98064516,336.9,200.7419355,331.9285714,552.2666667,35.8505,91.33620645,1.326560182,0
"FS-186",4.826666667,8.422580645,-0.874193548,5.583870968,11.28709677,21.86774194,381.7666667,222.2580645,333.9642857,548.5666667,58.6448,7.558985397,34.6263554,57.25899974
"FS-187",5.010666667,8.518064516,-0.629032258,5.841935484,11.40645161,21.98064516,313.6,195.3870968,335.4285714,549.8333333,52.2579,0,0,44.10754437
"FS-188",4.812,8.413548387,-1.032258065,5.406451613,11.47096774,22.09354839,331.1,210.0645161,340.3571429,552.6666667,48.8936,1.739360603,0,68.31566427
"FS-189",4.630666667,8.308387097,-1.358064516,5.012903226,11.55806452,22.2483871,286.2666667,191.1290323,339.3214286,553.1666667,49.0526,4.511636166,16.30576558,36.80846803
"FS-190",4.612,8.240645161,-1.477419355,4.929032258,11.51290323,22.3,286.1,195.1935484,342.7142857,552.0333333,55.3555,50.21698462,0,4.253938271
"FS-191",4.422666667,8.221290323,-1.441935484,4.932258065,11.33548387,22.10645161,252.9,181,330.3214286,547.4666667,103.045,9.709275106,3.416393078,76.54951098
